CHARTER,CITYST,COST,FAILDATE,NAME,ASSET,DEPOSIT
NM,"SAC CITY, IA",14804,11/3/2023,CITIZENS BANK,60448,52311
SM,"ELKHART, KS",54167,7/28/2023,HEARTLAND TRI-STATE BANK,139446,130110
NM,"SAN FRANCISCO, CA",16657086,5/1/2023,FIRST REPUBLIC BANK,212638872,176436706
NM,"NEW YORK, NY",1825021,3/12/2023,SIGNATURE BANK,110363650,88612911
SM,"SANTA CLARA, CA",21818659,3/7/2023,SILICON VALLEY BANK,209026000,175378000
NM,"ALMENA, KS",15965,10/23/2020,ALMENA STATE BANK,65733,64941
NM,"FORT WALTON BEACH, FL",7247,10/16/2020,FIRST CITY BANK OF FLORIDA,136566,133936
NM,"BARBOURSVILLE, WV",43807,4/3/2020,THE FIRST STATE BANK,151808,143102
NM,"ERICSON, NE",23992,2/14/2020,ERICSON STATE BANK,100879,95159
N,"NEWARK, NJ",1161,11/1/2019,CITY NATIONAL BANK OF NEW JERSEY,120574,111234
NM,"LOUISA, KY",4264,10/25/2019,LOUISA COMMUNITY BANK,28163,25174
SB,"MAUMEE, OH",1571,10/25/2019,RESOLUTE BANK,23292,22885
NM,"COOPER, TX",18263,5/31/2019,ENLOE STATE BANK,36738,31254
SB,"CHICAGO, IL",75753,12/15/2017,WASHINGTON FEDERAL BANK FOR SAVINGS,166345,143964
NM,"ARGONIA, KS",280,10/13/2017,THE FARMERS AND MERCHANTS STATE BANK OF ARGONIA,33012,27466
SM,"SAINT ELMO, IL",8088,5/26/2017,FAYETTE COUNTY BANK,34370,33972
SB,"MILWAUKEE, WI",131962,5/5/2017,GUARANTY BANK,1031900,1002026
NM,"NEW ORLEANS, LA",787005,4/28/2017,FIRST NBC BANK,3325870,3032208
NM,"COTTONWOOD HEIGHTS, UT",9883,3/3/2017,PROFICIO BANK,68208,65042
NM,"CHICAGO, IL",43838,1/27/2017,SEAWAY BANK AND TRUST COMPANY,297809,256505
NM,"PENNSVILLE, NJ",22158,1/13/2017,HARVEST COMMUNITY BANK,124223,122177
SM,"MULBERRY, AR",6213,9/23/2016,ALLIED BANK,66336,64713
NM,"WOODBURY, GA",3290,8/19/2016,THE WOODBURY BANKING COMPANY,21426,21122
NM,"KING OF PRUSSIA, PA",10825,5/6/2016,FIRST CORNERSTONE BANK,103307,101040
NM,"MEMPHIS, TN",10372,4/29/2016,TRUST COMPANY BANK,18998,20148
NM,"MILWAUKEE, WI",11773,3/11/2016,NORTH MILWAUKEE STATE BANK,67115,61493
N,"LONGVIEW, WA",995,10/2/2015,HOMETOWN NATIONAL BANK,3785,3705
NM,"PEACHTREE CITY, GA",27760,10/2/2015,THE BANK OF GEORGIA,286102,264234
SM,"DENVER, CO",1210,7/10/2015,PREMIER BANK,26760,25480
NM,"CHICAGO, IL",20647,5/8/2015,EDGEBROOK BANK,90034,90007
NM,"SAN JUAN, PR",699647,2/27/2015,DORAL BANK,5898515,4097734
NM,"ATLANTA, GA",95942,2/13/2015,CAPITOL CITY BANK & TRUST COMPANY,272311,262652
NM,"CHICAGO, IL",4743,1/23/2015,HIGHLAND COMMUNITY BANK,54727,53453
N,"CRESTVIEW, FL",6329,1/16/2015,FIRST NATIONAL BANK OF CRESTVIEW,73804,73199
NM,"MANKATO, MN",3946,12/19/2014,NORTHERN STAR BANK,18794,18221
SB,"PALM DESERT, CA",2905,11/7/2014,"FRONTIER BANK, FSB",80736,76344
N,"CHICAGO, IL",57658,10/24/2014,THE NATIONAL REPUBLIC BANK OF CHICAGO,843118,809638
SM,"RISING SUN, MD",19837,10/17/2014,NBRS FINANCIAL BANK,155353,151559
SB,"CHICAGO, IL",18412,7/25/2014,"GREENCHOICE BANK, FSB",70286,68722
NM,"CONYERS, GA",38334,7/18/2014,EASTSIDE COMMERCIAL BANK,173946,166875
NM,"FREEDOM, OK",3734,6/27/2014,THE FREEDOM STATE BANK,22816,20855
NM,"MOLINE, IL",47807,6/20/2014,VALLEY BANK,456442,359953
NM,"FORT LAUDERDALE, FL",5439,6/20/2014,VALLEY BANK,81843,66541
SB,"BEL AIR, MD",10954,5/30/2014,SLAVIE FEDERAL SAVINGS BANK,140063,111142
SI,"CINCINNATI, OH",7224,5/23/2014,COLUMBIA SAVINGS BANK,36484,29538
NM,"BERWYN, IL",21715,5/16/2014,AZTECAMERICA BANK,66309,65031
NM,"FAIRFAX, SC",22149,4/25/2014,ALLENDALE COUNTY BANK,49498,49356
N,"STERLING, VA",10940,2/28/2014,"MILLENNIUM BANK, NATIONAL ASSOCIATION",130305,121704
NM,"HORSHAM, PA",8956,2/28/2014,VANTAGE POINT BANK,63453,62472
NM,"BOISE, ID",3487,1/31/2014,SYRINGA BANK,153361,145813
NM,"EL RENO, OK",93335,1/24/2014,THE  BANK OF UNION,317172,315843
N,"WEST CHICAGO, IL",1530,1/17/2014,DUPAGE NATIONAL BANK,53524,51878
N,"THE WOODLANDS, TX",14203,12/13/2013,"TEXAS COMMUNITY BANK, NATIONAL ASSOCIATION",159257,142640
NM,"GRACEVILLE, FL",5849,10/30/2013,BANK OF JACKSON COUNTY,24724,24591
N,"EDINBURG, TX",616177,9/13/2013,FIRST NATIONAL BANK,3085764,2338335
NM,"BRIDGEPORT, CT",9211,9/13/2013,THE COMMUNITY'S BANK,26368,25715
NM,"PARSONS, TN",129801,8/23/2013,COMMUNITY SOUTH BANK,386908,377672
NM,"PHOENIX, AZ",15391,8/23/2013,SUNRISE BANK OF ARIZONA,202179,196924
NM,"WAUSAU, WI",13428,8/9/2013,BANK OF WAUSAU,43564,40663
NM,"FORT MYERS, FL",24921,8/2/2013,FIRST COMMUNITY BANK OF SOUTHWEST FLORIDA,247315,243618
N,"SEVIERVILLE, TN",33292,6/7/2013,MOUNTAIN NATIONAL BANK,437282,373366
NM,"NORTH LAS VEGAS, NV",5208,6/6/2013,1st COMMERCE BANK,20152,19579
NM,"KENOSHA, WI",22473,5/31/2013,BANKS OF WISCONSIN,134024,127590
NM,"SCOTTSDALE, AZ",5425,5/14/2013,CENTRAL ARIZONA BANK,31550,30822
NM,"VALDOSTA, GA",16002,5/10/2013,SUNRISE BANK,60793,57775
NM,"ASHEVILLE, NC",7943,5/10/2013,PISGAH COMMUNITY BANK,21880,21246
NM,"DOUGLASVILLE, GA",89606,4/26/2013,DOUGLAS COUNTY BANK,317288,315326
NM,"LENOIR, NC",16490,4/26/2013,PARKWAY BANK,109642,104709
NM,"ORANGE PARK, FL",25231,4/19/2013,HERITAGE BANK OF NORTH FLORIDA,103960,106348
SB,"LEXINGTON, KY",7767,4/19/2013,FIRST FEDERAL BANK,92982,87196
NM,"MARIANNA, FL",7920,4/19/2013,CHIPOLA COMMUNITY BANK,37471,37067
SM,"GOLD CANYON, AZ",8263,4/5/2013,GOLD CANYON BANK,42125,41728
NM,"LAGRANGE, GA",73446,3/8/2013,FRONTIER BANK,258840,224108
NM,"CHICAGO, IL",19576,2/15/2013,COVENANT BANK,58422,54202
NM,"ANDOVER, MN",12229,1/18/2013,1ST REGENTS BANK,49626,49147
NM,"UNIVERSITY PLACE, WA",22860,1/11/2013,WESTSIDE COMMUNITY BANK,91935,91879
NM,"SUNRISE, MO",13419,12/14/2012,COMMUNITY BANK OF THE OZARKS,42816,41881
NM,"BRASELTON, GA",39665,11/16/2012,HOMETOWN COMMUNITYBANK,124561,108931
N,"PRINCETON, IL",32458,11/2/2012,CITIZENS FIRST NATIONAL BANK,923959,869440
NM,"LUTZ, FL",73811,11/2/2012,HERITAGE BANK OF FLORIDA,225477,223309
SI,"BERWYN, PA",85600,10/26/2012,NOVA BANK,444710,395248
NM,"SEDALIA, MO",29582,10/19/2012,EXCEL BANK,186113,173670
SB,"TAMARAC, FL",12370,10/19/2012,FIRST EAST SIDE SAVINGS BANK,65686,64888
NM,"DESTIN, FL",40332,10/19/2012,GULFSOUTH PRIVATE BANK,139391,131579
NM,"CRETE, IL",33841,9/28/2012,FIRST UNITED BANK,328422,316877
SM,"ST. LOUIS, MO",39469,9/14/2012,TRUMAN BANK,282338,245716
NM,"BLOOMINGTON, MN",65213,9/7/2012,FIRST COMMERCIAL BANK,215867,206809
SI,"WAUKEGAN, IL",23518,8/3/2012,WAUKEGAN SAVINGS BANK,83679,73001
NM,"JASPER, GA",49244,7/27/2012,JASPER BANKING COMPANY,206672,204238
NM,"LEAWOOD, KS",363,7/20/2012,HEARTLAND BANK,96002,89723
SB,"CHICAGO, IL",86252,7/20/2012,SECOND FEDERAL SAVINGS AND LOAN ASSOCIATION OF CHICAGO,190891,171627
NM,"WOODSTOCK, GA",36215,7/20/2012,FIRST CHEROKEE STATE BANK,209021,182114
NM,"NAPLES, FL",16848,7/20/2012,THE ROYAL PALM BANK OF FLORIDA,78771,78876
NM,"BUFORD, GA",25335,7/20/2012,GEORGIA TRUST BANK,116890,114748
NM,"GLASGOW, MO",1396,7/13/2012,GLASGOW SAVINGS BANK,22341,21809
NM,"AILEY, GA",65798,7/6/2012,MONTGOMERY BANK & TRUST,153208,164181
NM,"LYNCHBURG, TN",33106,6/15/2012,THE FARMERS BANK OF LYNCHBURG,163859,156402
NM,"PALATKA, FL",28751,6/15/2012,PUTNAM STATE BANK,169489,160024
NM,"MARIETTA, GA",44760,6/15/2012,SECURITY EXCHANGE BANK,150962,147896
NM,"KINGFISHER, OK",8725,6/8/2012,FIRST CAPITAL BANK,44448,44828
NM,"SHABBONA, IL",10243,6/8/2012,FARMERS' AND TRADERS' STATE BANK,43077,42302
SM,"WHITEVILLE, NC",23756,6/8/2012,WACCAMAW BANK,533114,472704
SB,"CHARLESTON, SC",17630,6/8/2012,CAROLINA FEDERAL SAVINGS BANK,54373,53082
N,"SYLACAUGA, AL",10672,5/18/2012,"ALABAMA TRUST BANK, NATIONAL ASSOCIATION",51553,45149
N,"NORTH LAUDERDALE, FL",15098,5/4/2012,"SECURITY BANK, NATIONAL ASSOCIATION",101026,99067
N,"PALM DESERT, CA",26331,4/27/2012,PALM DESERT NATIONAL BANK,129253,129023
SM,"CAMBRIDGE, MD",57856,4/27/2012,BANK OF THE EASTERN SHORE,162460,150951
SB,"MAPLE GROVE, MN",79681,4/27/2012,"INTER SAVINGS BANK, FSB D/B/A/ INTERBANK, FSB",463840,458053
SB,"PAWLEYS ISLAND, SC",83230,4/27/2012,PLANTATION FEDERAL BANK,433512,415943
NM,"GAITHERSBURG, MD",26694,4/27/2012,HARVEST BANK OF MARYLAND,163019,145534
SB,"FORT LEE, NJ",11925,4/20/2012,"FORT LEE FEDERAL SAVINGS BANK, FSB",48861,47786
NM,"DEARBORN, MI",97229,3/30/2012,FIDELITY BANK,818237,747640
NM,"WILMETTE, IL",69338,3/23/2012,PREMIER BANK,268703,198953
NM,"ROCK SPRING, GA",30279,3/23/2012,CONVENANT BANK & TRUST,95725,90632
NM,"CHICAGO, IL",13358,3/9/2012,NEW CITY BANK,71202,72399
NM,"DORAVILLE, GA",40289,3/2/2012,GLOBAL COMMERCE BANK,143678,116813
NM,"ELLAVILLE, GA",51763,2/24/2012,CENTRAL BANK OF GEORGIA,278860,266589
SB,"LITTLE FALLS, MN",43037,2/24/2012,HOME SAVINGS OF AMERICA,434111,432223
N,"HOFFMAN ESTATES, IL",18454,2/10/2012,CHARTER NATIONAL BANK AND TRUST,93894,89485
SB,"SHELBYVILLE, IN",38269,2/10/2012,SCB BANK,182561,171365
NM,"JACKSONVILLE, FL",54383,1/27/2012,FIRST GUARANTY BANK AND TRUST COMPANY OF JACKSONVILLE,397082,378309
SM,"KNOXVILLE, TN",74064,1/27/2012,BANKEAST,261947,259571
NM,"FOREST LAKE, MN",35346,1/27/2012,PATRIOT BANK MINNESOTA,105029,102833
NM,"FRANKLIN, TN",351815,1/27/2012,TENNESSEE COMMERCE BANK,1009154,1037716
NM,"STOCKBRIDGE, GA",192145,1/20/2012,THE FIRST STATE BANK,516760,509065
SB,"BOOTHWYN, PA",4671,1/20/2012,AMERICAN EAGLE SAVINGS BANK,19259,17548
NM,"BELLEVIEW, FL",13697,1/20/2012,CENTRAL FLORIDA STATE BANK,71485,71080
N,"PHOENIX, AZ",41735,12/16/2011,WESTERN NATIONAL BANK,162872,144491
NM,"CRESTVIEW, FL",25065,12/16/2011,PREMIER COMMUNITY BANK OF THE EMERALD COAST,125976,112050
NM,"JOHNSTON, IA",16053,11/18/2011,POLK COUNTY BANK,91580,81967
NM,"LACOMBE, LA",48824,11/18/2011,CENTRAL PROGRESSIVE BANK,383132,347720
NM,"ROCKMART, GA",20301,11/10/2011,COMMUNITY BANK OF ROCKMART,62383,55906
NM,"OMAHA, NE",10944,11/4/2011,"MID CITY BANK, INC.",106075,105461
NM,"SAINT GEORGE, UT",43575,11/4/2011,SUNFIRST BANK,198081,169135
NM,"DES PLAINES, IL",13753,10/28/2011,ALL AMERICAN BANK,34800,30542
SM,"GREENWOOD VILLAGE, CO",169247,10/21/2011,COMMUNITY BANKS OF COLORADO,1280964,1239630
NM,"DECATUR, GA",24568,10/21/2011,DECATUR FIRST BANK,184750,172042
NM,"JONESBORO, GA",64965,10/21/2011,COMMUNITY CAPITAL BANK,165291,157808
NM,"CLEARWATER, FL",26299,10/21/2011,OLD HARBOR BANK,209048,212184
SI,"ASHEVILLE, NC",44112,10/14/2011,"BLUE RIDGE SAVINGS BANK, INC.",161430,159628
NM,"ALEDO, IL",69305,10/14/2011,COUNTRY BANK,195034,180835
NM,"GRAY, GA",88194,10/14/2011,PIEDMONT COMMUNITY BANK,198993,178773
NM,"CRANFORD, NJ",45629,10/14/2011,FIRST STATE BANK,191852,188099
NM,"WYOMING, MN",71176,10/7/2011,THE RIVERBANK,419723,384120
NM,"ELLINGTON, MO",93109,10/7/2011,SUN SECURITY BANK,351492,280649
NM,"PLANO, TX",58022,9/30/2011,FIRST INTERNATIONAL BANK,239916,208775
SM,"NORFOLK, VA",238719,9/23/2011,BANK OF THE COMMONWEALTH,985096,901845
NM,"NEVADA CITY, CA",40895,9/23/2011,CITIZENS BANK OF NORTHERN CALIFORNIA,288765,253079
N,"MILTON, FL",75749,9/9/2011,THE FIRST NATIONAL BANK OF FLORIDA,296841,280095
NM,"WOODSTOCK, GA",33845,9/2/2011,CREEKSIDE BANK,102338,96583
NM,"CUMMING, GA",54248,9/2/2011,PATRIOT BANK OF GEORGIA,150751,140612
SB,"PALM BEACH, FL",187814,8/19/2011,LYDIAN PRIVATE BANK,1700117,1253835
NM,"GENEVA, IL",34064,8/19/2011,FIRST CHOICE BANK,141016,137215
N,"STATESBORO, GA",22171,8/19/2011,FIRST SOUTHERN NATIONAL BANK,164599,159673
SI,"HUNTINGDON VALLEY, PA",15828,8/18/2011,PUBLIC SAVINGS BANK,46818,45770
N,"OLATHE, KS",103328,8/12/2011,THE FIRST NATIONAL BANK OF OLATHE,538091,524290
SM,"COLFAX, WA",100914,8/5/2011,BANK OF WHITMAN,548570,515732
NM,"SHOREWOOD, IL",29378,8/5/2011,BANK OF SHOREWOOD,110723,104021
N,"EVANSVILLE, IN",30575,7/29/2011,INTEGRA BANK NATIONAL ASSOCIATION,1994430,1693592
N,"COLUMBIA, SC",49181,7/29/2011,"BANKMERIDIAN, N.A.",232648,209737
SM,"RICHMOND, VA",19851,7/29/2011,VIRGINIA BUSINESS BANK,83493,72955
NM,"GREELEY, CO",135593,7/22/2011,BANK OF CHOICE,954106,818670
SM,"SARASOTA, FL",37389,7/22/2011,LANDMARK BANK OF FLORIDA,266482,244362
NM,"APOLLO BEACH, FL",11403,7/22/2011,SOUTHSHORE COMMUNITY BANK,41252,41434
NM,"STOCKBRIDGE, GA",70772,7/15/2011,HIGH TRUST BANK,180340,177221
NM,"PORT SAINT LUCIE, FL",13110,7/15/2011,FIRST PEOPLES BANK,225035,207621
NM,"PRESCOTT, AZ",14868,7/15/2011,SUMMIT BANK,73066,67471
NM,"ATLANTA, GA",40555,7/15/2011,ONE GEORGIA BANK,177715,158123
SM,"CHICAGO, IL",192899,7/8/2011,FIRST CHICAGO BANK & TRUST,896864,830530
NM,"CASTLE ROCK, CO",254944,7/8/2011,COLORADO CAPITAL BANK,665806,635202
NM,"WINDSOR, CO",23311,7/8/2011,SIGNATURE  BANK,62518,60349
NM,"CLAYTON, GA",34480,6/24/2011,MOUNTAIN HERITAGE BANK,103716,89554
NM,"JACKSON, GA",75418,6/17/2011,MCINTOSH STATE BANK,339929,324403
NM,"TAMPA, FL",33477,6/17/2011,FIRST COMMERCIAL BANK OF TAMPA BAY,98624,92641
SB,"CHARLESTON, SC",31204,6/3/2011,ATLANTIC BANK AND TRUST,208204,191614
NM,"SNOHOMISH, WA",33596,5/27/2011,FIRST HERITAGE BANK,173478,163303
NM,"BURLINGTON, WA",24195,5/20/2011,SUMMIT BANK,142729,131631
NM,"MACON, GA",280971,5/20/2011,ATLANTIC SOUTHERN BANK,741855,707643
NM,"FRANKLIN, GA",134595,5/20/2011,FIRST GEORGIA BANKING COMPANY,730981,702231
SB,"COCOA BEACH, FL",18527,5/6/2011,COASTAL BANK,129429,123950
SM,"VALDOSTA, GA",212045,4/29/2011,THE PARK AVENUE BANK,849409,724483
N,"WINTER PARK, FL",42899,4/29/2011,FIRST NATIONAL BANK OF CENTRAL FLORIDA,342079,308784
NM,"MOUNT CLEMENS, MI",98636,4/29/2011,COMMUNITY CENTRAL BANK,451683,371494
NM,"BROOKSVILLE, FL",17194,4/29/2011,CORTEZ COMMUNITY  BANK,66282,65439
NM,"DALLAS, GA",105180,4/29/2011,FIRST CHOICE COMMUNITY BANK,291196,294769
NM,"CARTHAGE, MS",37841,4/15/2011,HERITAGE BANKING GROUP,228328,205035
SB,"BIRMINGHAM, AL",285638,4/15/2011,SUPERIOR BANK,2977290,2736201
NM,"BIRMINGHAM, AL",182002,4/15/2011,NEXITY BANK,757574,611681
NM,"CARTERSVILLE, GA",83037,4/15/2011,BARTOW COUNTY BANK,314019,290005
N,"ROSEMOUNT, MN",5398,4/15/2011,ROSEMOUNT NATIONAL BANK,21454,20980
NM,"EAST ELLIJAY, GA",34708,4/15/2011,NEW HORIZONS BANK,103055,99022
N,"WESTERN SPRINGS, IL",38047,4/8/2011,WESTERN SPRINGS NATIONAL BANK AND TRUST,186677,182441
NM,"LAS VEGAS, NV",38492,4/8/2011,NEVADA COMMERCE BANK,135064,128573
NM,"WOOD DALE, IL",44142,3/25/2011,THE BANK OF COMMERCE,163074,161379
N,"DAVIS, OK",29846,3/11/2011,THE FIRST NATIONAL BANK OF DAVIS,90183,68331
SM,"MILWAUKEE, WI",73718,3/11/2011,LEGACY BANK,190418,183309
NM,"ST. CHARLES, IL",28270,2/25/2011,VALLEY COMMUNITY BANK,123774,124179
NM,"CLARKESVILLE, GA",119370,2/18/2011,HABERSHAM BANK,387681,339934
NM,"SPRINGFIELD, GA",48229,2/18/2011,CITIZENS BANK OF EFFINGHAM,214275,206490
SB,"SAN LUIS OBISPO, CA",72906,2/18/2011,"SAN LUIS TRUST BANK, FSB",332596,272216
NM,"NAPA, CA",20076,2/18/2011,CHARTER OAK BANK,120833,105309
NM,"CASSVILLE, WI",19454,2/11/2011,BADGER STATE BANK,83828,78549
NM,"HAMTRAMCK, MI",103057,2/11/2011,PEOPLES STATE BANK,390524,389868
N,"PALM SPRINGS, CA",15617,2/11/2011,CANYON NATIONAL BANK,210859,205285
NM,"PORT ORANGE, FL",32294,2/11/2011,SUNSHINE STATE COMMUNITY BANK,125531,116715
NM,"WATKINSVILLE, GA",48161,2/4/2011,NORTH GEORGIA BANK,153172,139672
NM,"ROSWELL, GA",69323,2/4/2011,AMERICAN TRUST BANK,238205,222161
SM,"CHICAGO, IL",10213,2/4/2011,COMMUNITY FIRST BANK - CHICAGO,51083,49504
NM,"CAMARGO, OK",33590,1/28/2011,THE FIRST STATE BANK,44546,41204
NM,"STOUGHTON, WI",28060,1/28/2011,EVERGREEN STATE BANK,240949,193694
SM,"TAOS, NM",230712,1/28/2011,FIRST COMMUNITY BANK,2188154,1847851
NM,"LOUISVILLE, CO",233564,1/28/2011,FIRSTIER BANK,764090,718797
NM,"MCDONOUGH, GA",43538,1/21/2011,ENTERPRISE BANKING COMPANY,99461,94591
SL,"DENVER, CO",137544,1/21/2011,UNITED WESTERN BANK,2153690,1535194
NM,"ASHEVILLE, NC",43945,1/21/2011,THE BANK OF ASHEVILLE,204925,199394
NM,"EASLEY, SC",45189,1/21/2011,COMMUNITYSOUTH BANK AND TRUST,340986,314250
NM,"BRUNSWICK, GA",84066,1/14/2011,OGLETHORPE BANK,211149,201369
SM,"ORLANDO, FL",88904,1/7/2011,FIRST COMMERCIAL BANK OF FLORIDA,578638,537223
NM,"SCOTTSDALE, AZ",32224,1/7/2011,LEGACY BANK,136446,119685
N,"CORAL GABLES, FL",29054,12/17/2010,THE BANK OF MIAMI,448150,374218
N,"LINO LAKES, MN",5827,12/17/2010,COMMUNITY NATIONAL BANK,31569,28844
NM,"DAWSONVILLE, GA",83075,12/17/2010,CHESTATEE STATE BANK,244376,240476
N,"ATLANTA, GA",96415,12/17/2010,UNITED AMERICAS BANK,242339,193803
NM,"BATESVILLE, AR",24771,12/17/2010,FIRST SOUTHERN BANK,191764,155803
SB,"MCCAYSVILLE, GA",28452,12/17/2010,"APPALACIAN COMMUNITY BANK, F.S.B.",68201,76360
SM,"FARMINGTON HILLS, MI",68586,12/10/2010,PARAMOUNT BANK,252744,213550
NM,"SOUTHAMPTON, PA",22495,12/10/2010,EARTHSTAR BANK,112643,104505
SM,"BURLINGTON, WI",86457,11/19/2010,FIRST BANKING CENTER,750724,664752
NM,"CARRABELLE, FL",44443,11/19/2010,GULF STATE COMMUNITY BANK,112144,112193
NM,"BALA CYNWYD, PA",12652,11/19/2010,ALLEGIANCE BANK OF NORTH AMERICA,106595,91996
NM,"VIDALIA, GA",125908,11/12/2010,DARBY BANK & TRUST COMPANY,654714,587626
NM,"SCOTTSDALE, AZ",52561,11/12/2010,COPPER STAR BANK,203955,190182
NM,"TIFTON, GA",21383,11/12/2010,TIFTON BANKING COMPANY,143729,141573
NM,"RANDALLSTOWN, MD",136420,11/5/2010,K BANK,538258,500056
SM,"TACOMA, WA",26754,11/5/2010,PIERCE COMMERCIAL BANK,221082,193473
NM,"WESTMINSTER, CA",14264,11/5/2010,FIRST VIETNAMESE AMERICAN BANK,48000,47012
NM,"WOODLAND HILLS, CA",16943,11/5/2010,WESTERN COMMERCIAL BANK,98635,101127
N,"BARNESVILLE, GA",46897,10/22/2010,THE FIRST NATIONAL BANK OF BARNESVILLE,126622,122880
N,"MAYWOOD, IL",44303,10/22/2010,FIRST SUBURBAN NATIONAL BANK,143451,135475
NM,"OVERLAND PARK, KS",275262,10/22/2010,HILLCREST BANK,1583611,1488785
NM,"JACKSONVILLE, FL",14277,10/22/2010,FIRST BANK OF JACKSONVILLE,73922,72198
SM,"TAMPA, FL",34562,10/22/2010,PROGRESS BANK OF FLORIDA,94823,86861
SB,"SCOTTSDALE, AZ",26776,10/22/2010,"FIRST ARIZONA SAVINGS, A FSB",255920,190615
NM,"GORDON, GA",10354,10/22/2010,THE GORDON BANK,29259,26867
SB,"OLATHE, KS",53100,10/15/2010,"SECURITY SAVINGS BANK, F.S.B.",453349,347080
NM,"JEFFERSON CITY, MO",308803,10/15/2010,PREMIER BANK,989382,869367
NM,"CHESTERFIELD, MO",22436,10/15/2010,WESTBRIDGE BANK AND TRUST COMPANY,87782,70131
NM,"CRAWFORDVILLE, FL",119933,10/1/2010,WAKULLA BANK,402205,367228
NM,"SHORELINE, WA",23478,10/1/2010,SHORELINE BANK,92980,90644
NM,"ARLINGTON, WA",70800,9/24/2010,NORTH COUNTY BANK,288776,276081
NM,"PONTE VEDRA BEACH, FL",34827,9/24/2010,HAVEN TRUST BANK FLORIDA,148575,133561
NM,"WINDER, GA",101852,9/17/2010,THE PEOPLES BANK,447185,398181
SI,"MILFORD, OH",17928,9/17/2010,BRAMBLE SAVINGS BANK,47523,41551
SL,"WEST ALLIS, WI",88384,9/17/2010,MARITIME SAVINGS BANK,350488,248134
NM,"CHERRY HILL, NJ",18856,9/17/2010,ISN BANK,81564,79652
NM,"DOUGLASVILLE, GA",101039,9/17/2010,FIRST COMMERCE COMMUNITY BANK,248151,242831
NM,"ELLIJAY, GA",79709,9/17/2010,THE BANK OF ELLIJAY,168820,160718
SM,"BRADENTON, FL",61295,9/10/2010,HORIZON BANK,187819,164594
NM,"CHICAGO, IL",525962,8/20/2010,SHOREBANK,2166431,1547403
N,"BARTOW, FL",9170,8/20/2010,COMMUNITY NATIONAL BANK AT BARTOW,67918,63708
SM,"STOCKTON, CA",34038,8/20/2010,PACIFIC STATE BANK,312077,278832
NM,"SONOMA, CA",10285,8/20/2010,SONOMA VALLEY BANK,337113,255501
N,"OCALA, FL",11982,8/20/2010,INDEPENDENT NATIONAL BANK,156218,141877
SL,"MARTINSVILLE, VA",4746,8/20/2010,IMPERIAL SAVINGS AND LOAN ASSOCIATION,9448,10090
SB,"SOLVANG, CA",3434,8/20/2010,LOS PADRES BANK,866459,770899
NM,"CHICO, CA",1663,8/20/2010,BUTTE COMMUNITY BANK,498751,471256
NM,"PALOS HEIGHTS, IL",66962,8/13/2010,PALOS BANK AND TRUST COMPANY,493391,467784
NM,"CHICAGO, IL",68113,8/6/2010,RAVENSWOOD BANK,264628,269448
NM,"PANAMA CITY BEACH, FL",116866,7/30/2010,COASTAL COMMUNITY BANK,377469,370016
NM,"LONGVIEW, WA",31478,7/30/2010,THE COWLITZ BANK,489019,474742
NM,"EUGENE, OR",51253,7/30/2010,LIBERTYBANK,714574,692670
NM,"ACWORTH, GA",33627,7/30/2010,NORTHWEST BANK & TRUST,160763,155531
SB,"PORT SAINT JOE, FL",12479,7/30/2010,BAYSIDE SAVINGS BANK,64344,52720
SM,"SYLVAN GROVE, KS",6651,7/23/2010,THUNDER BANK,28248,27048
N,"KINGSTREE, SC",2425,7/23/2010,WILLIAMSBURG FIRST NATIONAL BANK,130411,126993
SM,"CAVE JUNCTION, OR",28068,7/23/2010,HOME VALLEY BANK,250488,227935
NM,"JASPER, GA",303803,7/23/2010,CRESCENT BANK AND TRUST COMPANY,970235,932809
SM,"LANTANA, FL",41792,7/23/2010,STERLING BANK,354966,329541
NM,"NEW PRAGUE, MN",18495,7/23/2010,COMMUNITY SECURITY BANK,100649,95100
NM,"LAS VEGAS, NV",86297,7/23/2010,SOUTHWESTUSA BANK,203690,183985
SM,"MIAMI, FL",64179,7/16/2010,METRO BANK OF DADE COUNTY,399441,375522
SB,"HASTINGS, MI",12789,7/16/2010,"MAINSTREET SAVINGS BANK, FSB",96584,63291
SB,"CLEWISTON, FL",25533,7/16/2010,OLDE CYPRESS COMMUNITY BANK,161355,157997
SB,"AVENTURA, FL",28658,7/16/2010,TURNBERRY BANK,240251,179169
SB,"BLUFFTON, SC",107349,7/16/2010,WOODLANDS BANK,382803,364808
N,"SPARTANBURG, SC",68274,7/16/2010,FIRST NATIONAL BANK OF THE SOUTH,619374,550891
N,"BLACKWELL, OK",65822,7/9/2010,HOME NATIONAL BANK,585445,514038
SB,"BALTIMORE, MD",3694,7/9/2010,IDEAL FEDERAL SAVINGS BANK,6177,5803
N,"BALTIMORE, MD",21144,7/9/2010,BAY NATIONAL BANK,217743,212612
NM,"PORT CHESTER, NY",63537,7/9/2010,USA BANK,190678,188644
NM,"ENGLEWOOD, FL",184045,6/25/2010,PENINSULA BANK,630179,580140
N,"SAVANNAH, GA",78167,6/25/2010,FIRST NATIONAL BANK,252520,231857
NM,"ALBUQUERQUE, NM",28392,6/25/2010,HIGH DESERT STATE BANK,80343,80985
NM,"RENO, NV",70039,6/18/2010,NEVADA SECURITY BANK,492491,479759
NM,"SEATTLE, WA",95151,6/11/2010,WASHINGTON FIRST INTERNATIONAL BANK,520887,441362
N,"ROSEDALE, MS",18085,6/4/2010,FIRST NATIONAL BANK,60449,63483
SB,"LINCOLN, NE",0,6/4/2010,TIERONE BANK,2824737,2185817
SI,"ARCOLA, IL",11534,6/4/2010,ARCOLA HOMESTEAD SAVINGS BANK,17028,18092
NM,"LAS VEGAS, NV",115960,5/28/2010,SUN WEST BANK,360662,353943
NM,"NAPLES, FL",87638,5/28/2010,BANK OF FLORIDA - SOUTHWEST,640894,559897
N,"GRANITE BAY, CA",13175,5/28/2010,"GRANITE COMMUNITY BANK, NATIONAL ASSOCIATION",102913,94252
NM,"FORT LAUDERDALE, FL",60470,5/28/2010,BANK OF FLORIDA - SOUTHEAST,595318,531752
NM,"TAMPA BAY, FL",30582,5/28/2010,BANK OF FLORIDA - TAMPA BAY,240513,224024
NM,"ST. PAUL, MN",8410,5/21/2010,PINEHURST BANK,61215,58288
SM,"ELMWOOD PARK, IL",0,5/14/2010,MIDWEST BANK AND TRUST COMPANY,3172915,2420738
NM,"SPRINGFIELD, MO",25580,5/14/2010,SOUTHWEST COMMUNITY BANK,100659,102463
NM,"SAINT MARYS, GA",36321,5/14/2010,SATILLA COMMUNITY BANK,135688,134005
NM,"PLYMOUTH, MI",23558,5/14/2010,NEW LIBERTY BANK,111239,101884
NM,"BONIFAY, FL",65887,5/7/2010,THE BANK OF BONIFAY,242871,230190
NM,"CHAMPLIN, MN",7916,5/7/2010,ACCESS BANK,31996,31969
SM,"SAN DIEGO, CA",6342,5/7/2010,1st PACIFIC BANK OF CALIFORNIA,335798,291173
NM,"MESA, AZ",44322,5/7/2010,TOWNE BANK OF ARIZONA,120246,113243
N,"BUTLER, MO",8620,4/30/2010,BC NATIONAL BANKS,52204,43635
NM,"EVERETT, WA",453920,4/30/2010,FRONTIER BANK,3250734,2846886
NM,"SAN JUAN, PR",539124,4/30/2010,EUROBANK,2453138,1861350
SI,"PORT HURON, MI",340615,4/30/2010,CF BANCORP,1599122,1418445
NM,"MAYAGUEZ, PR",2178148,4/30/2010,WESTERNBANK PUERTO RICO,10797345,8420357
NM,"HATO REY, PR",984153,4/30/2010,R-G PREMIER BANK OF PUERTO RICO,5681177,4220108
NM,"CREVE COEUR, MO",57091,4/30/2010,CHAMPION BANK,195510,162816
N,"ROCKFORD, IL",15808,4/23/2010,"AMCORE BANK, NATIONAL ASSOCIATION",3066240,2743485
NM,"PEOTONE, IL",45596,4/23/2010,PEOTONE BANK AND TRUST COMPANY,130165,124676
NM,"CHICAGO, IL",377438,4/23/2010,BROADWAY BANK,1059194,1023421
SI,"CHICAGO, IL",38088,4/23/2010,LINCOLN PARK SAVINGS BANK,194618,162627
NM,"CHICAGO, IL",41327,4/23/2010,CITIZENS BANK & TRUST COMPANY OF CHICAGO,73490,72772
NM,"CHICAGO, IL",132056,4/23/2010,NEW CENTURY BANK,447239,438999
NM,"NAPERVILLE, IL",189658,4/23/2010,WHEATLAND BANK,441694,448917
NM,"LYNNWOOD, WA",154993,4/16/2010,CITY BANK,981913,919606
NM,"OAKLAND, CA",22715,4/16/2010,INNOVATIVE BANK,266816,223164
N,"FORT PIERCE, FL",0,4/16/2010,RIVERSIDE NATIONAL BANK OF FLORIDA,3393818,2724475
SI,"LOWELL, MA",18261,4/16/2010,BUTLER BANK,245534,227420
SB,"PALATKA, FL",11969,4/16/2010,FIRST FEDERAL BANK OF NORTH FLORIDA,440122,369617
NM,"SAN RAFAEL, CA",0,4/16/2010,TAMALPAIS BANK,611504,457206
NM,"STERLING HEIGHTS, MI",20977,4/16/2010,LAKESIDE COMMUNITY BANK,49173,48622
NM,"CLERMONT, FL",16404,4/16/2010,AMERICANFIRST BANK,104034,100070
N,"MYRTLE BEACH, SC",164585,4/9/2010,BEACH FIRST NATIONAL BANK,590024,521138
N,"CARTERSVILLE, GA",73589,3/26/2010,UNITY NATIONAL BANK,300590,264286
SB,"KEY WEST, FL",16210,3/26/2010,KEY WEST BANK,88031,67662
NM,"PHOENIX, AZ",108862,3/26/2010,DESERT HILLS BANK,496552,426473
NM,"CARROLLTON, GA",164026,3/26/2010,MCINTOSH COMMERCIAL BANK,363405,343339
NM,"AURORA, MN",7026,3/19/2010,STATE BANK OF AURORA,28159,27801
NM,"HIAWASSEE, GA",107263,3/19/2010,BANK OF HIAWASSEE,377779,339597
N,"PARMA, OH",14960,3/19/2010,AMERICAN NATIONAL BANK,70318,66752
NM,"FORT DEPOSIT, AL",11725,3/19/2010,FIRST LOWNDES BANK,137175,131117
NM,"DRAPER, UT",521525,3/19/2010,ADVANTA BANK CORP.,1525931,1519471
NM,"ELLIJAY, GA",456455,3/19/2010,APPALACHIAN COMMUNITY BANK,1010075,917575
NM,"DULUTH, GA",37707,3/19/2010,CENTURY SECURITY BANK,96535,93967
NM,"NEW YORK, NY",76368,3/12/2010,THE PARK AVENUE BANK,520146,494505
NM,"COVINGTON, LA",26124,3/12/2010,STATEWIDE BANK,243215,207821
SM,"ORLANDO, FL",76501,3/12/2010,OLD SOUTHERN BANK,336390,319746
NM,"NEW YORK, NY",18407,3/11/2010,LIBERTYPOINTE BANK,216500,209477
SM,"NORMAL, IL",18737,3/5/2010,BANK OF ILLINOIS,211711,198487
SM,"BOCA RATON, FL",122301,3/5/2010,SUN AMERICAN BANK,535724,443481
NM,"OGDEN, UT",70617,3/5/2010,CENTENNIAL BANK,212839,205076
SB,"GERMANTOWN, MD",11322,3/5/2010,WATERFIELD BANK,155566,156188
SI,"TACOMA, WA",2752,2/26/2010,RAINIER PACIFIC BANK,717806,446192
NM,"CARSON CITY, NV",14451,2/26/2010,CARSON RIVER COMMUNITY BANK,51095,50024
N,"LA COSTE, TX",5709,2/19/2010,THE LA COSTE NATIONAL BANK,53936,49275
SI,"ORLAND PARK, IL",118852,2/19/2010,GEORGE WASHINGTON SAVINGS BANK,413673,395310
SB,"LA JOLLA, CA",560147,2/19/2010,"LA JOLLA BANK, FSB",3646071,2799362
SM,"MARCO ISLAND, FL",25614,2/19/2010,MARCO COMMUNITY BANK,119578,117097
NM,"HANCOCK, MN",4521,2/5/2010,1ST AMERICAN STATE BANK OF MINNESOTA,18155,16327
NM,"IMMOKALEE, FL",308984,1/29/2010,FLORIDA COMMUNITY BANK,835701,776556
NM,"CORNELIA, GA",477153,1/29/2010,COMMUNITY BANK & TRUST,1181717,1067957
N,"HALLOCK, MN",1063,1/29/2010,"MARSHALL BANK, NATIONAL ASSOCIATION",58566,55662
N,"CARROLLTON, GA",203881,1/29/2010,FIRST NATIONAL BANK OF GEORGIA,840633,780196
NM,"BAINBRIDGE ISLAND, WA",28352,1/29/2010,AMERICAN MARINE BANK,329246,287443
NM,"LOS ANGELES, CA",224134,1/29/2010,FIRST REGIONAL BANK,2082684,1664450
NM,"LEETON, MO",7092,1/22/2010,BANK OF LEETON,20128,20335
NM,"SEATTLE, WA",43422,1/22/2010,EVERGREEN BANK,395980,340378
NM,"THE DALLES, OR",54899,1/22/2010,COLUMBIA RIVER BANK,955112,908132
SB,"SANTA FE, NM",127197,1/22/2010,CHARTER BANK,1201922,859933
NM,"MIAMI, FL",84454,1/22/2010,PREMIER AMERICAN BANK,299225,285554
SM,"KAYSVILLE, UT",107233,1/15/2010,BARNES BANKING COMPANY,709171,697109
NM,"ST. STEPHEN, MN",7707,1/15/2010,ST. STEPHEN STATE BANK,22895,23912
NM,"ANTIOCH, IL",23289,1/15/2010,TOWN COMMUNITY BANK AND TRUST,70758,68323
NM,"BELLINGHAM, WA",205488,1/8/2010,HORIZON BANK,1188956,1049063
NM,"NEW BALTIMORE, MI",68417,12/18/2009,CITIZENS STATE BANK,168551,157149
NM,"LA JOLLA, CA",271351,12/18/2009,IMPERIAL CAPITAL BANK,4046888,2822300
SM,"SPRINGFIELD, IL",0,12/18/2009,INDEPENDENT BANKERS' BANK,585508,511473
SB,"SANTA MONICA, CA",0,12/18/2009,"FIRST FEDERAL BANK OF CALIFORNIA,  A FEDERAL SAVINGS BANK",6143903,4538607
SB,"PANAMA CITY, FL",597058,12/18/2009,PEOPLES FIRST COMMUNITY BANK,1795420,1684443
SB,"IRONDALE, AL",311641,12/18/2009,NEW SOUTH FEDERAL SAVINGS BANK,1464127,1163916
NM,"ATLANTA, GA",98936,12/18/2009,ROCKBRIDGE COMMERCIAL BANK,294024,291707
SM,"OVERLAND PARK, KS",93393,12/11/2009,SOLUTIONSBANK,511103,421271
N,"MIAMI, FL",77977,12/11/2009,"REPUBLIC FEDERAL BANK, N.A.",433011,352695
N,"MESA, AZ",15047,12/11/2009,"VALLEY CAPITAL BANK, N.A.",40270,41312
NM,"AURORA, IL",79321,12/4/2009,BENCHMARK BANK,173062,182760
NM,"REIDSVILLE, GA",14705,12/4/2009,THE TATNALL BANK,49612,47100
N,"NORCROSS, GA",34282,12/4/2009,FIRST SECURITY NATIONAL BANK,127455,121645
SB,"CLEVELAND, OH",1697799,12/4/2009,AMTRUST BANK,11438990,8558609
SB,"RESTON, VA",26610,12/4/2009,GREATER ATLANTIC BANK,203262,179248
NM,"ATLANTA, GA",310552,12/4/2009,THE BUCKHEAD COMMUNITY BANK,856236,813668
NM,"FORT MYERS, FL",32236,11/20/2009,COMMERCE BANK OF SOUTHWEST FLORIDA,70997,72821
SM,"NAPLES, FL",713129,11/13/2009,ORION BANK,2612515,2169446
SB,"SARASOTA, FL",306877,11/13/2009,"CENTURY BANK, A FEDERAL SAVINGS BANK",755923,659742
N,"SAN CLEMENTE, CA",33470,11/13/2009,PACIFIC COAST NATIONAL BANK,131418,128867
NM,"ST LOUIS, MO",11648,11/6/2009,GATEWAY BANK OF ST LOUIS,26882,27534
NM,"SPARTA, GA",60895,11/6/2009,UNITED SECURITY BANK,153639,149616
SB,"DETROIT, MI",8612,11/6/2009,HOME FEDERAL SAVINGS BANK,12994,12730
NM,"SAN FRANCISCO, CA",582128,11/6/2009,UNITED COMMERCIAL BANK,10895336,7653666
NM,"OAKDALE, MN",31685,11/6/2009,PROSPERAN BANK,197442,182794
N,"CHICAGO, IL",7471,10/30/2009,PARK NATIONAL BANK,4680881,3716626
NM,"HOUSTON, TX",12000,10/30/2009,NORTH HOUSTON BANK,325474,307166
N,"SAN DIEGO, CA",40579,10/30/2009,SAN DIEGO NATIONAL BANK,3594544,2891576
N,"TEAGUE, TX",5846,10/30/2009,CITIZENS NATIONAL BANK,118236,97590
N,"SAN FRANCISCO, CA",62599,10/30/2009,PACIFIC NATIONAL BANK,2319263,1757986
N,"PHOENIX, AZ",11741,10/30/2009,"BANK USA, NA",213205,170685
NM,"MADISONVILLE, TX",0,10/30/2009,MADISONVILLE STATE BANK,256330,224653
N,"LOS ANGELES, CA",186591,10/30/2009,CALIFORNIA NATIONAL BANK,7781100,6145207
NM,"LEMONT, IL",25945,10/30/2009,COMMUNITY BANK OF LEMONT,81843,80688
SM,"RACINE, WI",99463,10/23/2009,BANK OF ELMWOOD,327444,272782
NM,"WESTMONT, IL",85319,10/23/2009,FIRST DUPAGE BANK,262093,253992
N,"BRADENTON, FL",62112,10/23/2009,FLAGSHIP NATIONAL BANK,177563,170118
NM,"OSTEGO, MN",23476,10/23/2009,RIVERVIEW COMMUNITY BANK,99057,75012
NM,"LAWRENCEVILLE, GA",44018,10/23/2009,AMERICAN UNITED BANK,110094,102386
SB,"NAPLES, FL",31809,10/23/2009,PARTNERS BANK,65498,64798
NM,"NAPLES, FL",42976,10/23/2009,HILLCREST BANK FLORIDA,82774,83254
SM,"BAKERSFIELD, CA",79080,10/16/2009,SAN JOAQUIN BANK,766359,626359
NM,"SPRING GROVE, MN",18876,10/2/2009,JENNINGS STATE BANK,52347,50801
SM,"WARREN, MI",217677,10/2/2009,WARREN BANK,504816,467767
N,"PUEBLO, CO",8323,10/2/2009,SOUTHERN COLORADO NATIONAL BANK,37142,29568
NM,"ATLANTA, GA",960820,9/25/2009,GEORGIAN BANK,2230230,1960123
SM,"COLUMBUS, IN",755962,9/18/2009,IRWIN UNION BANK AND TRUST COMPANY,2839747,2254025
SB,"LOUISVILLE, KY",114006,9/18/2009,"IRWIN UNION BANK, FSB",518151,462611
N,"CHICAGO, IL",0,9/11/2009,"CORUS BANK, N.A.",7003321,7060693
NM,"LACEY, WA",201128,9/11/2009,VENTURE BANK,968385,917729
NM,"WOODBURY, MN",24597,9/11/2009,BRICKWELL COMMUNITY BANK,72576,64981
NM,"OAK FOREST, IL",56911,9/4/2009,INBANK,209848,209211
NM,"KANSAS CITY, MO",7548,9/4/2009,FIRST BANK OF KANSAS CITY,15723,14479
SB,"SIOUX CITY, IA",101576,9/4/2009,VANTUS BANK,503643,394369
NM,"FLAGSTAFF, AZ",49833,9/4/2009,FIRST STATE BANK,107235,95734
SB,"ROLLING MEADOWS, IL",0,9/4/2009,PLATINUM COMMUNITY BANK,147961,110186
NM,"FOREST LAKE, MN",89930,8/28/2009,MAINSTREET BANK,458533,432818
NM,"VENTURA, CA",234069,8/28/2009,AFFINITY BANK,1211431,905593
SB,"BALTIMORE, MD",46897,8/28/2009,BRADFORD BANK,451888,382159
SM,"BIRMINGHAM, AL",126332,8/21/2009,CAPITALSOUTH BANK,586586,539422
SB,"AUSTIN, TX",0,8/21/2009,GUARANTY BANK,13464352,11984112
SB,"ATLANTA, GA",49948,8/21/2009,EBANK,144688,131510
NM,"NEWNAN, GA",66684,8/21/2009,FIRST COWETA,163755,154903
NM,"MONTGOMERY, AL",2380732,8/14/2009,COLONIAL BANK,25455112,20072099
SL,"PITTSBURGH, PA",8352,8/14/2009,DWELLING HOUSE SAVINGS AND LOAN,12947,12984
SM,"LAS VEGAS, NV",557962,8/14/2009,COMMUNITY BANK OF NEVADA,1397798,1372744
N,"GILBERT, AZ",51989,8/14/2009,"UNION BANK, NATIONAL ASSOCIATION",119529,110362
NM,"PHOENIX, AZ",26760,8/14/2009,COMMUNITY BANK OF ARIZONA,158517,143834
SM,"PRINEVILLE, OR",73567,8/7/2009,COMMUNITY FIRST BANK,199508,180691
N,"VENICE, FL",25369,8/7/2009,COMMUNITY NATIONAL BANK OF SARASOTA COUNTY,92528,92352
NM,"SARASOTA, FL",119466,8/7/2009,FIRST STATE BANK,447667,394701
NM,"ALTUS, OK",25969,7/31/2009,FIRST STATE BANK OF ALTUS,90867,98161
NM,"HARVEY, IL",793841,7/31/2009,MUTUAL BANK,1595657,1546525
SB,"WEST CHESTER, OH",61523,7/31/2009,PEOPLES COMMUNITY BANK,606153,538787
NM,"ELIZABTH, NJ",20048,7/31/2009,FIRST BANKAMERICANO,163372,155463
NM,"JUPITER, FL",36473,7/31/2009,INTEGRITY BANK,105298,98511
NM,"GRAY, GA",98201,7/24/2009,SECURITY BANK OF JONES COUNTY,432712,375238
NM,"PERRY, GA",50980,7/24/2009,SECURITY BANK OF HOUSTON COUNTY,371624,313155
NM,"MACON, GA",414269,7/24/2009,SECURITY BANK OF BIBB COUNTY,943744,831437
NM,"WOODSTOCK, GA",102031,7/24/2009,SECURITY BANK OF NORTH METRO,184184,182413
NM,"SUWANNEE, GA",193409,7/24/2009,SECURITY BANK OF GWINNETT COUNTY,259182,256578
NM,"ALPHARETTA, GA",49000,7/24/2009,SECURITY BANK OF NORTH FULTON,190564,179523
NM,"WILLIAMSVILLE, NY",7875,7/24/2009,WATERFORD VILLAGE BANK,55707,56145
N,"RANCHO CUCAMONGA, CA",278591,7/17/2009,"VINEYARD BANK, NATIONAL ASSOCIATION",1638378,1526186
SM,"SIOUX FALLS, SD",110201,7/17/2009,BANKFIRST,210844,232203
NM,"TEMECULA, CA",227400,7/17/2009,TEMECULA VALLEY BANK,1396622,1276287
NM,"WINDER, GA",37998,7/17/2009,FIRST PIEDMONT BANK,114113,108499
NM,"THERMOPOLIS, WY",32543,7/10/2009,BANK OF WYOMING,70188,66598
N,"DANVILLE, IL",24202,7/2/2009,THE FIRST NATIONAL BANK OF DANVILLE,148218,140185
NM,"ELIZABETH, IL",9832,7/2/2009,THE ELIZABETH STATE BANK,55027,48131
NM,"WINCHESTER, IL",8030,7/2/2009,THE FIRST STATE BANK OF WINCHESTER,30073,30806
NM,"CLINTON, IL",14315,7/2/2009,THE JOHN WARNER BANK,69609,65179
NM,"OREGON, IL",18558,7/2/2009,ROCK RIVER BANK,74808,74896
NM,"WORTH, IL",129512,7/2/2009,FOUNDERS BANK,889172,832160
NM,"DALLAS, TX",52700,7/2/2009,MILLENNIUM STATE BANK OF TEXAS,118601,115478
NM,"PINE CITY, MN",24010,6/26/2009,HORIZON BANK,84763,69254
SM,"NEWNAN, GA",80745,6/26/2009,NEIGHBORHOOD COMMUNITY BANK,212616,190070
NM,"LOS ANGELES, CA",45309,6/26/2009,MIRAE BANK,480619,409951
SM,"VILLA RICA, GA",71712,6/26/2009,COMMUNITY BANK OF WEST GEORGIA,201222,189398
NM,"IRVINE, CA",32168,6/26/2009,METROPACIFIC BANK,75316,70078
N,"ANTHONY, KS",33230,6/19/2009,FIRST NATIONAL BANK OF ANTHONY,156954,142551
NM,"WILMINGTON, NC",287345,6/19/2009,COOPERATIVE BANK,966778,768479
NM,"FAYETTEVILLE, GA",136636,6/19/2009,SOUTHERN COMMUNITY BANK,371695,297962
NM,"LINCOLNWOOD, IL",70928,6/5/2009,BANK OF LINCOLNWOOD,212718,209285
N,"MACOMB, IL",30883,5/22/2009,CITIZENS NATIONAL BANK,438560,393635
NM,"CHAMPAIGN, IL",92681,5/22/2009,STRATEGIC CAPITAL BANK,546576,479384
SB,"CORAL GABLES, FL",5228684,5/21/2009,"BANKUNITED, FSB",13111463,8775985
NM,"BREMERTON, WA",81050,5/8/2009,WESTSOUND BANK,334608,304464
N,"ATLANTA, GA",643778,5/1/2009,"SILVERTON BANK, NATIONAL ASSOCIATION",4157246,3314928
NM,"LAYTON, UT",114374,5/1/2009,AMERICA WEST BANK,281564,286040
NM,"RIDGEWOOD, NJ",18187,5/1/2009,CITIZENS COMMUNITY BANK,40657,40664
NM,"CALABASAS, CA",8556,4/24/2009,FIRST BANK OF BEVERLY HILLS,1260354,866492
SM,"FARMINGTON HILLS, MI",48551,4/24/2009,MICHIGAN HERITAGE BANK,167710,149065
SB,"KETCHUM, ID",109230,4/24/2009,"FIRST BANK OF IDAHO, FSB",490656,370580
NM,"KENNESAW, GA",32820,4/24/2009,AMERICAN SOUTHERN BANK,105950,105940
SB,"SUGAR CREEK, MO",44669,4/17/2009,AMERICAN STERLING BANK,166456,170946
NM,"ELKO, NV",20023,4/17/2009,GREAT BASIN BANK OF NEVADA,238940,220834
NM,"WILMINGTON, NC",118565,4/10/2009,CAPE FEAR BANK,492418,402820
NM,"GREELEY, CO",913432,4/10/2009,NEW FRONTIER BANK,1774588,1496347
N,"ATLANTA, GA",288566,3/27/2009,OMNI NATIONAL BANK,979585,813205
N,"PAOLA, KS",134593,3/20/2009,"TEAMBANK, N.A.",669830,532520
NM,"STOCKBRIDGE, GA",135210,3/20/2009,FIRSTCITY BANK,285015,259056
N,"COLORADO SPRINGS, CO",12687,3/20/2009,COLORADO NATIONAL BANK,123508,85150
NM,"COMMERCE, GA",43267,3/6/2009,FREEDOM BANK OF GEORGIA,172454,159048
NM,"GLENWOOD, IL",48231,2/27/2009,HERITAGE COMMUNITY BANK,235154,225735
NM,"HENDERSON, NV",32328,2/27/2009,SECURITY SAVINGS BANK,238307,174872
NM,"SILVERTON, OR",39465,2/20/2009,SILVER FALLS BANK,134206,115976
NM,"LOUP CITY, NE",42684,2/13/2009,SHERMAN COUNTY BANK,135431,90647
NM,"PITTSFIELD, IL",80894,2/13/2009,CORN BELT BANK AND TRUST COMPANY,260201,233788
SM,"CAPE CORAL, FL",199818,2/13/2009,RIVERSIDE BANK OF THE GULF COAST,523673,422708
NM,"BEAVERTON, OR",10218,2/13/2009,PINNACLE BANK,71921,64168
SM,"MERCED, CA",61783,2/6/2009,COUNTY BANK,1711552,1324635
NM,"CULVER CITY, CA",118079,2/6/2009,ALLIANCE BANK,1113361,951106
NM,"MCDONOUGH, GA",151333,2/6/2009,FIRSTBANK FINANCIAL SERVICES,317237,279308
N,"OCALA, FL",93552,1/30/2009,OCALA NATIONAL BANK,219424,204663
SB,"CROFTON, MD",73819,1/30/2009,SUBURBAN FEDERAL SAVINGS BANK,347408,301847
NM,"SALT LAKE CITY, UT",170125,1/30/2009,MAGNET BANK,300674,282578
NM,"REDLANDS, CA",136041,1/23/2009,1ST CENTENNIAL BANK,797959,678570
N,"CHARLOTTE, NC",,1/16/2009,BANK OF AMERICA N.A.,1471631047,954677580
N,"BERKELEY, IL",80488,1/16/2009,NATIONAL BANK OF COMMERCE,419741,395868
N,"SAN FRANCISCO, CA",,1/16/2009,BANK OF AMERICA CALIFORNIA N.A.,21502223,500
NM,"SALT LAKE CITY, UT",,1/16/2009,MERRILL LYNCH BANK USA,61809503,53620324
SB,"ALEXANDRIA, VA",,1/16/2009,COUNTRYWIDE BANK FSB,117978966,43663251
N,"WILMINGTON, DE",,1/16/2009,FIA CARD SERVICES N.A.,159637136,9816599
SB,"NEW YORK, NY",,1/16/2009,MERRILL LYNCH BANK & TRUST CO FSB,37986413,28539028
NM,"VANCOUVER, WA",150783,1/16/2009,BANK OF CLARK COUNTY,441085,377506
N,"PORTLAND, OR",,1/16/2009,BANK OF AMERICA OREGON N.A.,11526309,500
N,"PROVIDENCE, RI",,1/16/2009,BANK OF AMERICA RHODE ISLAND N.A.,35410586,500
NM,"SANDERSON, TX",7710,12/12/2008,SANDERSON STATE BANK,38217,32012
NM,"DULUTH, GA",246603,12/12/2008,HAVEN TRUST BANK,559551,489692
SM,"JACKSON, GA",86315,12/5/2008,FIRST GEORGIA COMMUNITY BANK,256371,215287
N,"LAS VEGAS, NV",,11/23/2008,"CITIBANK, NATIONAL ASSOCIATION",1207007000,230042000
SB,"WILMINGTON, DE",,11/23/2008,"CITICORP TRUST BANK, FSB",19599414,7231013
NM,"CENTURY CITY, CA",,11/23/2008,CITIBANK (BANAMEX USA),1322720,876086
N,"SIOUX FALLS, SD",,11/23/2008,"CITIBANK (SOUTH DAKOTA), N.A.",77737957,42356986
N,"SIOUX FALLS, SD",,11/23/2008,DEPARTMENT STORES NATIONAL BANK,374903,300881
NM,"LOGANVILLE, GA",335062,11/21/2008,THE COMMUNITY BANK,634901,603733
SB,"POMONA, CA",258807,11/21/2008,PFF BANK & TRUST,3715433,2393845
SL,"NEWPORT BEACH, CA",151232,11/21/2008,"DOWNEY SAVINGS AND LOAN ASSOCIATION, F.A.",12779371,9653169
NM,"SAN DIEGO, CA",148255,11/7/2008,SECURITY PACIFIC BANK,527959,456472
SI,"HOUSTON, TX",614111,11/7/2008,"FRANKLIN BANK, SSB",5089260,3692887
NM,"BRADENTON, FL",113456,10/31/2008,FREEDOM BANK,270842,256793
NM,"ALPHARETTA, GA",211264,10/24/2008,ALPHA BANK & TRUST,354090,344231
NM,"ELDRED, IL",16618,10/10/2008,MERIDIAN BANK,38223,36090
NM,"NORTHVILLE, MI",56318,10/10/2008,MAIN STREET BANK,112368,98934
SB,"HENDERSON, NV",0,9/25/2008,WASHINGTON MUTUAL BANK,307021614,188260793
SB,"NORTHFORK, WV",38290,9/19/2008,"AMERIBANK, INC.",103965,100901
NM,"HENDERSON, NV",722104,9/5/2008,SILVER STATE BANK,1957120,1733091
NM,"ALPHARETTA, GA",465942,8/29/2008,INTEGRITY BANK,1107514,962456
NM,"TOPEKA, KS",334277,8/22/2008,THE COLUMBIAN BANK AND TRUST COMPANY,735071,620354
NM,"BRADENTON, FL",95555,8/1/2008,FIRST PRIORITY BANK,258610,226698
N,"RENO, NV",711000,7/25/2008,FIRST NATIONAL BANK OF NEVADA,3411145,3038053
N,"NEWPORT BEACH, CA",92139,7/25/2008,FIRST HERITAGE BANK N.A.,255376,234812
SL,"PASADENA, CA",12003054,7/11/2008,INDYMAC BANK F.S.B,30698512,18941727
N,"STAPLES, MN",10305,5/30/2008,"FIRST INTEGRITY BANK, N.A.",52916,50178
N,"BENTONVILLE, AR",1025204,5/9/2008,ANB FINANCIAL NATIONAL ASSOCIATION,1895545,1815691
NM,"HUME, MO",3755,3/7/2008,HUME BANK,18682,13566
N,"KANSAS CITY, MO",7157,1/25/2008,DOUGLASS NATIONAL BANK,52824,50250
NM,"LAKEVIEW, OH",28394,10/4/2007,MIAMI VALLEY BANK,125362,119601
SB,"ALPHARETTA, GA",119608,9/28/2007,NETBANK,2473806,2290046
SI,"PITTSBURGH, PA",9438,2/2/2007,METROPOLITAN SAVINGS BANK,15760,14540
SM,"EPHRAIM, UT",2998,6/25/2004,BANK OF EPHRAIM,56774,52329
NM,"WHITE PLAINS, NY",919,3/19/2004,RELIANCE BANK,28637,27881
N,"TALLAHASSEE, FL",0,3/12/2004,GUARANTY NATIONAL BANK,71280,65614
SB,"NEWARK, NJ",0,2/14/2004,DOLLAR SAVINGS BANK,13408,10909
SI,"PHILADELPHIA, PA",679,11/14/2003,PULASKI SAVINGS BANK,8487,9058
N,"BLANCHARDVILLE, WI",12788,5/9/2003,THE FIRST NATIONAL BANK OF BLANCHARDVILLE,34536,28760
NM,"TORRANCE, CA",49179,2/7/2003,SOUTHERN PACIFIC BANK,904294,864160
NM,"CHENEYVILLE, LA",12205,12/17/2002,THE FARMERS BANK & TRUST OF CHENEYVILLE,35317,32103
NM,"ALAMO, TN",9316,11/8/2002,BANK OF ALAMO,58454,52157
SM,"ATLANTA, GA",1326,9/30/2002,AMTRADE INTERNATIONAL BANK OF GEORGIA,92144,73205
SB,"CHICAGO, IL",274,6/27/2002,UNIVERSAL FSB,51628,40340
NM,"STAMFORD, CT",53784,6/26/2002,CONNECTICUT BANK OF COMMERCE,384172,344416
SM,"SHELBY TOWNSHIP, MI",4440,3/28/2002,NEW CENTURY BANK,21091,18902
N,"BOCA RATON, FL",0,3/1/2002,NET FIRST NATIONAL BANK,37207,31601
N,"PHOENIX, AZ",164047,2/7/2002,NEXTBANK,700180,551297
SM,"OAKWOOD, OH",63600,2/1/2002,OAKWOOD DEPOSIT BANK,72267,60168
NM,"SIERRA BLANCA, TX",4574,1/18/2002,BANK OF SIERRA BLANCA,10764,9914
N,"MIAMI, FL",101748,1/11/2002,"HAMILTON BANK, NATIONAL ASSOCIATION",1409496,1298731
N,"GRAVETTE, AR",4206,9/7/2001,SINCLAIR NATIONAL BANK,29792,26054
SB,"HINSDALE, IL",286673,7/27/2001,"SUPERIOR BANK, FSB",1765455,1609501
N,"MALTA, OH",769,5/3/2001,MALTA NATIONAL BANK,9075,8728
NM,"MANCHESTER, NH",817,2/2/2001,FIRST ALLIANCE BANK AND TRUST CO,17438,16931
N,"METROPOLIS, IL",2670,12/14/2000,NATIONAL STATE BANK OF METROPOLIS,90397,71277
NM,"HONOLULU, HI",400,10/13/2000,BANK OF HONOLULU,63890,59037
NM,"FALKNER, MS",14592,9/29/2000,BANK OF FALKNER,85485,77140
NM,"ALMELUND, MN",1363,7/14/2000,TOWN & COUNTRY BANK OF ALMELUND,25942,26667
N,"RIDGECREST, CA",617,6/2/2000,MONUMENT NATIONAL BANK,7923,7680
SB,"ATLANTA, GA",1322,3/10/2000,MUTUAL FEDERAL SAVINGS BANK OF ATLANTA,31479,32234
NM,"CARLISLE, IA",11574,1/14/2000,HARTFORD-CARLISLE SB,105044,68549